{
  "count": 2,
  "value": [
    {
      "id": 429,
      "rev": 5,
      "fields": {
        "System.AreaPath": "eslz-adoproject-template",
        "System.TeamProject": "eslz-adoproject-template",
        "System.IterationPath": "$ProjectName$\\Iteration 1",
        "System.WorkItemType": "Epic",
        "System.State": "New",
        "System.Reason": "New",
        "System.CreatedDate": "2021-02-22T13:52:15.957Z",
        "System.CreatedBy": "David Pazdera <dapazd@microsoft.com>",
        "System.ChangedDate": "2021-02-22T19:22:08.627Z",
        "System.ChangedBy": "David Pazdera <dapazd@microsoft.com>",
        "System.Title": "Enterprise Scale Design",
        "Microsoft.VSTS.Scheduling.Effort": 0.0,
        "System.Description": "<div>The enterprise-scale architecture represents the strategic design path and target technical state for your Azure environment. It will continue to evolve alongside the Azure platform and is defined by the various design decisions that your organization must make to map your Azure journey.<br></div><div><br></div><div>Reference:&nbsp;<a href=\"https://docs.microsoft.com/en-us/azure/cloud-adoption-framework/ready/enterprise-scale/\">Start with Cloud Adoption Framework enterprise-scale landing zones - Cloud Adoption Framework | Microsoft Docs</a></div>",
        "System.AssignedTo": null,
        "Microsoft.VSTS.Scheduling.RemainingWork": 0.0,
        "Microsoft.VSTS.Common.Priority": 2.0,
        "System.BoardLane": null,
        "System.Tags": null,
        "Microsoft.VSTS.TCM.Steps": null,
        "Microsoft.VSTS.TCM.Parameters": null,
        "Microsoft.VSTS.TCM.LocalDataSource": null,
        "Microsoft.VSTS.TCM.AutomationStatus": null,
        "System.History": null
      },
      "relations": [
        {
          "rel": "System.LinkTypes.Hierarchy-Forward",
          "url": "https://dev.azure.com/dapazd/_apis/wit/workItems/436",
          "attributes": {
            "isLocked": "false",
            "name": "Child"
          }
        },
        {
          "rel": "System.LinkTypes.Hierarchy-Forward",
          "url": "https://dev.azure.com/dapazd/_apis/wit/workItems/435",
          "attributes": {
            "isLocked": "false",
            "name": "Child"
          }
        },
        {
          "rel": "System.LinkTypes.Hierarchy-Forward",
          "url": "https://dev.azure.com/dapazd/_apis/wit/workItems/437",
          "attributes": {
            "isLocked": "false",
            "name": "Child"
          }
        },
        {
          "rel": "System.LinkTypes.Hierarchy-Forward",
          "url": "https://dev.azure.com/dapazd/_apis/wit/workItems/434",
          "attributes": {
            "isLocked": "false",
            "name": "Child"
          }
        }
      ],
      "url": "https://dev.azure.com/dapazd/_apis/wit/workItems/429"
    },
    {
      "id": 430,
      "rev": 3,
      "fields": {
        "System.AreaPath": "eslz-adoproject-template",
        "System.TeamProject": "eslz-adoproject-template",
        "System.IterationPath": "$ProjectName$\\Iteration 1",
        "System.WorkItemType": "Epic",
        "System.State": "New",
        "System.Reason": "New",
        "System.CreatedDate": "2021-02-22T13:52:25.207Z",
        "System.CreatedBy": "David Pazdera <dapazd@microsoft.com>",
        "System.ChangedDate": "2021-02-22T19:22:08.627Z",
        "System.ChangedBy": "David Pazdera <dapazd@microsoft.com>",
        "System.Title": "Enterprise Scale Implementation",
        "Microsoft.VSTS.Scheduling.Effort": 0.0,
        "System.Description": null,
        "System.AssignedTo": null,
        "Microsoft.VSTS.Scheduling.RemainingWork": 0.0,
        "Microsoft.VSTS.Common.Priority": 2.0,
        "System.BoardLane": null,
        "System.Tags": null,
        "Microsoft.VSTS.TCM.Steps": null,
        "Microsoft.VSTS.TCM.Parameters": null,
        "Microsoft.VSTS.TCM.LocalDataSource": null,
        "Microsoft.VSTS.TCM.AutomationStatus": null,
        "System.History": null
      },
      "relations": [
        {
          "rel": "System.LinkTypes.Hierarchy-Forward",
          "url": "https://dev.azure.com/dapazd/_apis/wit/workItems/431",
          "attributes": {
            "isLocked": "false",
            "name": "Child"
          }
        },
        {
          "rel": "System.LinkTypes.Hierarchy-Forward",
          "url": "https://dev.azure.com/dapazd/_apis/wit/workItems/432",
          "attributes": {
            "isLocked": "false",
            "name": "Child"
          }
        },
        {
          "rel": "System.LinkTypes.Hierarchy-Forward",
          "url": "https://dev.azure.com/dapazd/_apis/wit/workItems/433",
          "attributes": {
            "isLocked": "false",
            "name": "Child"
          }
        }
      ],
      "url": "https://dev.azure.com/dapazd/_apis/wit/workItems/430"
    }
  ],
  "HttpStatusCode": 0,
  "Message": null
}