{
  "count": 2,
  "value": [
    {
      "id": 429,
      "rev": 8,
      "fields": {
        "System.AreaPath": "eslz-adoproject-template",
        "System.TeamProject": "eslz-adoproject-template",
        "System.IterationPath": "$ProjectName$\\Iteration 1",
        "System.WorkItemType": "Epic",
        "System.State": "New",
        "System.Reason": "New",
        "System.CreatedDate": "2021-02-22T13:52:15.957Z",
        "System.CreatedBy": "David Pazdera <dapazd@microsoft.com>",
        "System.ChangedDate": "2022-03-01T08:04:07.643Z",
        "System.ChangedBy": "David Pazdera <dapazd@microsoft.com>",
        "System.Title": "Azure Landing Zone Design",
        "Microsoft.VSTS.Scheduling.Effort": 0.0,
        "System.Description": "<div>Azure landing zones are the output of a multi-subscription Azure environment that accounts for<b> scale, security governance, networking, and identity</b>. Azure landing zones enable application migration, modernization, and innovation at enterprise-scale in Azure. These zones consider all platform resources that are required to support the customer's application portfolio and don't differentiate between infrastructure as a service or platform as a service.<br> </div><div><br> </div><div>Reference:&nbsp;<a href=\"https://docs.microsoft.com/en-us/azure/cloud-adoption-framework/ready/landing-zone/\">What is an Azure landing zone? - Cloud Adoption Framework | Microsoft Docs</a> </div>",
        "System.AssignedTo": null,
        "Microsoft.VSTS.Scheduling.RemainingWork": 0.0,
        "Microsoft.VSTS.Common.Priority": 2.0,
        "System.BoardLane": null,
        "System.Tags": null,
        "Microsoft.VSTS.TCM.Steps": null,
        "Microsoft.VSTS.TCM.Parameters": null,
        "Microsoft.VSTS.TCM.LocalDataSource": null,
        "Microsoft.VSTS.TCM.AutomationStatus": null,
        "System.History": null
      },
      "relations": [
        {
          "rel": "System.LinkTypes.Hierarchy-Forward",
          "url": "https://dev.azure.com/dapazd/_apis/wit/workItems/436",
          "attributes": {
            "isLocked": "false",
            "name": "Child"
          }
        },
        {
          "rel": "System.LinkTypes.Hierarchy-Forward",
          "url": "https://dev.azure.com/dapazd/_apis/wit/workItems/434",
          "attributes": {
            "isLocked": "false",
            "name": "Child"
          }
        }
      ],
      "url": "https://dev.azure.com/dapazd/_apis/wit/workItems/429"
    },
    {
      "id": 430,
      "rev": 5,
      "fields": {
        "System.AreaPath": "eslz-adoproject-template",
        "System.TeamProject": "eslz-adoproject-template",
        "System.IterationPath": "$ProjectName$\\Iteration 1",
        "System.WorkItemType": "Epic",
        "System.State": "New",
        "System.Reason": "New",
        "System.CreatedDate": "2021-02-22T13:52:25.207Z",
        "System.CreatedBy": "David Pazdera <dapazd@microsoft.com>",
        "System.ChangedDate": "2022-03-01T08:29:41.453Z",
        "System.ChangedBy": "David Pazdera <dapazd@microsoft.com>",
        "System.Title": "Azure Landing Zone Implementation",
        "Microsoft.VSTS.Scheduling.Effort": 0.0,
        "System.Description": "<div><b>Reference:</b>&nbsp;<a href=\"https://docs.microsoft.com/en-us/azure/cloud-adoption-framework/ready/landing-zone/implementation-options\">Landing zone implementation options - Cloud Adoption Framework | Microsoft Docs</a> </div>",
        "System.AssignedTo": null,
        "Microsoft.VSTS.Scheduling.RemainingWork": 0.0,
        "Microsoft.VSTS.Common.Priority": 2.0,
        "System.BoardLane": null,
        "System.Tags": null,
        "Microsoft.VSTS.TCM.Steps": null,
        "Microsoft.VSTS.TCM.Parameters": null,
        "Microsoft.VSTS.TCM.LocalDataSource": null,
        "Microsoft.VSTS.TCM.AutomationStatus": null,
        "System.History": null
      },
      "relations": [
        {
          "rel": "System.LinkTypes.Hierarchy-Forward",
          "url": "https://dev.azure.com/dapazd/_apis/wit/workItems/431",
          "attributes": {
            "isLocked": "false",
            "name": "Child"
          }
        }
      ],
      "url": "https://dev.azure.com/dapazd/_apis/wit/workItems/430"
    }
  ],
  "HttpStatusCode": 0,
  "Message": null
}