{
  "count": 11,
  "value": [
    {
      "id": 438,
      "rev": 7,
      "fields": {
        "System.AreaPath": "eslz-adoproject-template",
        "System.TeamProject": "eslz-adoproject-template",
        "System.IterationPath": "$ProjectName$\\Iteration 1",
        "System.WorkItemType": "User Story",
        "System.State": "New",
        "System.Reason": "New",
        "System.CreatedDate": "2021-02-22T14:03:40.97Z",
        "System.CreatedBy": "David Pazdera <dapazd@microsoft.com>",
        "System.ChangedDate": "2022-03-01T08:54:55.277Z",
        "System.ChangedBy": "David Pazdera <dapazd@microsoft.com>",
        "System.Title": "Azure billing and Active Directory tenant",
        "Microsoft.VSTS.Scheduling.Effort": 0.0,
        "System.Description": "<div>Reference:&nbsp;<a href=\"https://docs.microsoft.com/en-us/azure/cloud-adoption-framework/ready/landing-zone/design-area/azure-billing-ad-tenant\">Azure billing offers and Active Directory tenants - Cloud Adoption Framework | Microsoft Docs</a> </div>",
        "System.AssignedTo": null,
        "Microsoft.VSTS.Scheduling.RemainingWork": 0.0,
        "Microsoft.VSTS.Common.Priority": 2.0,
        "System.BoardLane": null,
        "System.Tags": null,
        "Microsoft.VSTS.TCM.Steps": null,
        "Microsoft.VSTS.TCM.Parameters": null,
        "Microsoft.VSTS.TCM.LocalDataSource": null,
        "Microsoft.VSTS.TCM.AutomationStatus": null,
        "System.History": null
      },
      "relations": [
        {
          "rel": "System.LinkTypes.Hierarchy-Reverse",
          "url": "https://dev.azure.com/dapazd/_apis/wit/workItems/436",
          "attributes": {
            "isLocked": "false",
            "name": "Parent"
          }
        },
        {
          "rel": "System.LinkTypes.Hierarchy-Forward",
          "url": "https://dev.azure.com/dapazd/_apis/wit/workItems/451",
          "attributes": {
            "isLocked": "false",
            "name": "Child"
          }
        },
        {
          "rel": "System.LinkTypes.Hierarchy-Forward",
          "url": "https://dev.azure.com/dapazd/_apis/wit/workItems/452",
          "attributes": {
            "isLocked": "false",
            "name": "Child"
          }
        }
      ],
      "url": "https://dev.azure.com/dapazd/_apis/wit/workItems/438"
    },
    {
      "id": 439,
      "rev": 8,
      "fields": {
        "System.AreaPath": "eslz-adoproject-template",
        "System.TeamProject": "eslz-adoproject-template",
        "System.IterationPath": "$ProjectName$\\Iteration 1",
        "System.WorkItemType": "User Story",
        "System.State": "New",
        "System.Reason": "New",
        "System.CreatedDate": "2021-02-22T14:03:54.05Z",
        "System.CreatedBy": "David Pazdera <dapazd@microsoft.com>",
        "System.ChangedDate": "2022-03-01T08:54:55.277Z",
        "System.ChangedBy": "David Pazdera <dapazd@microsoft.com>",
        "System.Title": "Identity & access management",
        "Microsoft.VSTS.Scheduling.Effort": 0.0,
        "System.Description": "<div>This critical design area establishes a foundation for the management of identity and access.<br> </div><div> </div><div><br> </div><div>Reference:&nbsp;<a href=\"https://docs.microsoft.com/en-us/azure/cloud-adoption-framework/ready/landing-zone/design-area/identity-access\">Azure identity and access management design area - Cloud Adoption Framework | Microsoft Docs</a> </div>",
        "System.AssignedTo": null,
        "Microsoft.VSTS.Scheduling.RemainingWork": 0.0,
        "Microsoft.VSTS.Common.Priority": 2.0,
        "System.BoardLane": null,
        "System.Tags": null,
        "Microsoft.VSTS.TCM.Steps": null,
        "Microsoft.VSTS.TCM.Parameters": null,
        "Microsoft.VSTS.TCM.LocalDataSource": null,
        "Microsoft.VSTS.TCM.AutomationStatus": null,
        "System.History": null
      },
      "relations": [
        {
          "rel": "System.LinkTypes.Hierarchy-Forward",
          "url": "https://dev.azure.com/dapazd/_apis/wit/workItems/453",
          "attributes": {
            "isLocked": "false",
            "name": "Child"
          }
        },
        {
          "rel": "System.LinkTypes.Hierarchy-Forward",
          "url": "https://dev.azure.com/dapazd/_apis/wit/workItems/454",
          "attributes": {
            "isLocked": "false",
            "name": "Child"
          }
        },
        {
          "rel": "System.LinkTypes.Hierarchy-Reverse",
          "url": "https://dev.azure.com/dapazd/_apis/wit/workItems/436",
          "attributes": {
            "isLocked": "false",
            "name": "Parent"
          }
        }
      ],
      "url": "https://dev.azure.com/dapazd/_apis/wit/workItems/439"
    },
    {
      "id": 440,
      "rev": 7,
      "fields": {
        "System.AreaPath": "eslz-adoproject-template",
        "System.TeamProject": "eslz-adoproject-template",
        "System.IterationPath": "$ProjectName$\\Iteration 1",
        "System.WorkItemType": "User Story",
        "System.State": "New",
        "System.Reason": "New",
        "System.CreatedDate": "2021-02-22T14:04:16.493Z",
        "System.CreatedBy": "David Pazdera <dapazd@microsoft.com>",
        "System.ChangedDate": "2022-03-01T08:54:55.277Z",
        "System.ChangedBy": "David Pazdera <dapazd@microsoft.com>",
        "System.Title": "Resource organization",
        "Microsoft.VSTS.Scheduling.Effort": 0.0,
        "System.Description": "<div>Reference:&nbsp;<a href=\"https://docs.microsoft.com/en-us/azure/cloud-adoption-framework/ready/landing-zone/design-area/resource-org\">Resource organization design area overview - Cloud Adoption Framework | Microsoft Docs</a> </div>",
        "System.AssignedTo": null,
        "Microsoft.VSTS.Scheduling.RemainingWork": 0.0,
        "Microsoft.VSTS.Common.Priority": 2.0,
        "System.BoardLane": null,
        "System.Tags": null,
        "Microsoft.VSTS.TCM.Steps": null,
        "Microsoft.VSTS.TCM.Parameters": null,
        "Microsoft.VSTS.TCM.LocalDataSource": null,
        "Microsoft.VSTS.TCM.AutomationStatus": null,
        "System.History": null
      },
      "relations": [
        {
          "rel": "System.LinkTypes.Hierarchy-Forward",
          "url": "https://dev.azure.com/dapazd/_apis/wit/workItems/456",
          "attributes": {
            "isLocked": "false",
            "name": "Child"
          }
        },
        {
          "rel": "System.LinkTypes.Hierarchy-Forward",
          "url": "https://dev.azure.com/dapazd/_apis/wit/workItems/458",
          "attributes": {
            "isLocked": "false",
            "name": "Child"
          }
        },
        {
          "rel": "System.LinkTypes.Hierarchy-Forward",
          "url": "https://dev.azure.com/dapazd/_apis/wit/workItems/457",
          "attributes": {
            "isLocked": "false",
            "name": "Child"
          }
        },
        {
          "rel": "System.LinkTypes.Hierarchy-Forward",
          "url": "https://dev.azure.com/dapazd/_apis/wit/workItems/455",
          "attributes": {
            "isLocked": "false",
            "name": "Child"
          }
        },
        {
          "rel": "System.LinkTypes.Hierarchy-Reverse",
          "url": "https://dev.azure.com/dapazd/_apis/wit/workItems/436",
          "attributes": {
            "isLocked": "false",
            "name": "Parent"
          }
        }
      ],
      "url": "https://dev.azure.com/dapazd/_apis/wit/workItems/440"
    },
    {
      "id": 441,
      "rev": 8,
      "fields": {
        "System.AreaPath": "eslz-adoproject-template",
        "System.TeamProject": "eslz-adoproject-template",
        "System.IterationPath": "$ProjectName$\\Iteration 1",
        "System.WorkItemType": "User Story",
        "System.State": "New",
        "System.Reason": "New",
        "System.CreatedDate": "2021-02-22T14:04:31.89Z",
        "System.CreatedBy": "David Pazdera <dapazd@microsoft.com>",
        "System.ChangedDate": "2022-03-01T08:54:55.277Z",
        "System.ChangedBy": "David Pazdera <dapazd@microsoft.com>",
        "System.Title": "Network topology & connectivity",
        "Microsoft.VSTS.Scheduling.Effort": 0.0,
        "System.Description": "<div>The network topology and connectivity design area is critical for establishing a foundation for your cloud network design.<br> </div><div> </div><div><br> </div><div>Reference:&nbsp;<a href=\"https://docs.microsoft.com/en-us/azure/cloud-adoption-framework/ready/landing-zone/design-area/network-topology-and-connectivity\">Overview of network topology and connectivity for Azure - Cloud Adoption Framework | Microsoft Docs</a> </div>",
        "System.AssignedTo": null,
        "Microsoft.VSTS.Scheduling.RemainingWork": 0.0,
        "Microsoft.VSTS.Common.Priority": 2.0,
        "System.BoardLane": null,
        "System.Tags": null,
        "Microsoft.VSTS.TCM.Steps": null,
        "Microsoft.VSTS.TCM.Parameters": null,
        "Microsoft.VSTS.TCM.LocalDataSource": null,
        "Microsoft.VSTS.TCM.AutomationStatus": null,
        "System.History": null
      },
      "relations": [
        {
          "rel": "System.LinkTypes.Hierarchy-Forward",
          "url": "https://dev.azure.com/dapazd/_apis/wit/workItems/467",
          "attributes": {
            "isLocked": "false",
            "name": "Child"
          }
        },
        {
          "rel": "System.LinkTypes.Hierarchy-Forward",
          "url": "https://dev.azure.com/dapazd/_apis/wit/workItems/463",
          "attributes": {
            "isLocked": "false",
            "name": "Child"
          }
        },
        {
          "rel": "System.LinkTypes.Hierarchy-Forward",
          "url": "https://dev.azure.com/dapazd/_apis/wit/workItems/466",
          "attributes": {
            "isLocked": "false",
            "name": "Child"
          }
        },
        {
          "rel": "System.LinkTypes.Hierarchy-Forward",
          "url": "https://dev.azure.com/dapazd/_apis/wit/workItems/468",
          "attributes": {
            "isLocked": "false",
            "name": "Child"
          }
        },
        {
          "rel": "System.LinkTypes.Hierarchy-Forward",
          "url": "https://dev.azure.com/dapazd/_apis/wit/workItems/461",
          "attributes": {
            "isLocked": "false",
            "name": "Child"
          }
        },
        {
          "rel": "System.LinkTypes.Hierarchy-Forward",
          "url": "https://dev.azure.com/dapazd/_apis/wit/workItems/465",
          "attributes": {
            "isLocked": "false",
            "name": "Child"
          }
        },
        {
          "rel": "System.LinkTypes.Hierarchy-Forward",
          "url": "https://dev.azure.com/dapazd/_apis/wit/workItems/462",
          "attributes": {
            "isLocked": "false",
            "name": "Child"
          }
        },
        {
          "rel": "System.LinkTypes.Hierarchy-Forward",
          "url": "https://dev.azure.com/dapazd/_apis/wit/workItems/460",
          "attributes": {
            "isLocked": "false",
            "name": "Child"
          }
        },
        {
          "rel": "System.LinkTypes.Hierarchy-Forward",
          "url": "https://dev.azure.com/dapazd/_apis/wit/workItems/464",
          "attributes": {
            "isLocked": "false",
            "name": "Child"
          }
        },
        {
          "rel": "System.LinkTypes.Hierarchy-Forward",
          "url": "https://dev.azure.com/dapazd/_apis/wit/workItems/459",
          "attributes": {
            "isLocked": "false",
            "name": "Child"
          }
        },
        {
          "rel": "System.LinkTypes.Hierarchy-Reverse",
          "url": "https://dev.azure.com/dapazd/_apis/wit/workItems/436",
          "attributes": {
            "isLocked": "false",
            "name": "Parent"
          }
        }
      ],
      "url": "https://dev.azure.com/dapazd/_apis/wit/workItems/441"
    },
    {
      "id": 442,
      "rev": 7,
      "fields": {
        "System.AreaPath": "eslz-adoproject-template",
        "System.TeamProject": "eslz-adoproject-template",
        "System.IterationPath": "$ProjectName$\\Iteration 1",
        "System.WorkItemType": "User Story",
        "System.State": "New",
        "System.Reason": "New",
        "System.CreatedDate": "2021-02-22T14:04:47.567Z",
        "System.CreatedBy": "David Pazdera <dapazd@microsoft.com>",
        "System.ChangedDate": "2022-03-01T08:59:31.467Z",
        "System.ChangedBy": "David Pazdera <dapazd@microsoft.com>",
        "System.Title": "Management",
        "Microsoft.VSTS.Scheduling.Effort": 0.0,
        "System.Description": "<div>This design area establishes a foundation for operations management across your Azure, hybrid, or multicloud environments.<br> </div><div> </div><div><br> </div><div>Reference:&nbsp;<a href=\"https://docs.microsoft.com/en-us/azure/cloud-adoption-framework/ready/landing-zone/design-area/management\">Management for Azure environments - Cloud Adoption Framework | Microsoft Docs</a> </div>",
        "System.AssignedTo": null,
        "Microsoft.VSTS.Scheduling.RemainingWork": 0.0,
        "Microsoft.VSTS.Common.Priority": 2.0,
        "System.BoardLane": null,
        "System.Tags": null,
        "Microsoft.VSTS.TCM.Steps": null,
        "Microsoft.VSTS.TCM.Parameters": null,
        "Microsoft.VSTS.TCM.LocalDataSource": null,
        "Microsoft.VSTS.TCM.AutomationStatus": null,
        "System.History": null
      },
      "relations": [
        {
          "rel": "System.LinkTypes.Hierarchy-Forward",
          "url": "https://dev.azure.com/dapazd/_apis/wit/workItems/470",
          "attributes": {
            "isLocked": "false",
            "name": "Child"
          }
        },
        {
          "rel": "System.LinkTypes.Hierarchy-Reverse",
          "url": "https://dev.azure.com/dapazd/_apis/wit/workItems/436",
          "attributes": {
            "isLocked": "false",
            "name": "Parent"
          }
        },
        {
          "rel": "System.LinkTypes.Hierarchy-Forward",
          "url": "https://dev.azure.com/dapazd/_apis/wit/workItems/469",
          "attributes": {
            "isLocked": "false",
            "name": "Child"
          }
        },
        {
          "rel": "System.LinkTypes.Hierarchy-Forward",
          "url": "https://dev.azure.com/dapazd/_apis/wit/workItems/678",
          "attributes": {
            "isLocked": "false",
            "name": "Child"
          }
        }
      ],
      "url": "https://dev.azure.com/dapazd/_apis/wit/workItems/442"
    },
    {
      "id": 443,
      "rev": 7,
      "fields": {
        "System.AreaPath": "eslz-adoproject-template",
        "System.TeamProject": "eslz-adoproject-template",
        "System.IterationPath": "$ProjectName$\\Iteration 1",
        "System.WorkItemType": "User Story",
        "System.State": "New",
        "System.Reason": "New",
        "System.CreatedDate": "2021-02-22T14:05:10.807Z",
        "System.CreatedBy": "David Pazdera <dapazd@microsoft.com>",
        "System.ChangedDate": "2022-03-01T09:16:21.553Z",
        "System.ChangedBy": "David Pazdera <dapazd@microsoft.com>",
        "System.Title": "Security",
        "Microsoft.VSTS.Scheduling.Effort": 0.0,
        "System.Description": "<div>This design area creates a foundation for security across your Azure, hybrid, and multicloud environments.<br> </div><div> </div><div><br> </div><div>Reference:&nbsp;<a href=\"https://docs.microsoft.com/en-us/azure/cloud-adoption-framework/ready/landing-zone/design-area/security\">Security design in Azure - Cloud Adoption Framework | Microsoft Docs</a> </div>",
        "System.AssignedTo": null,
        "Microsoft.VSTS.Scheduling.RemainingWork": 0.0,
        "Microsoft.VSTS.Common.Priority": 2.0,
        "System.BoardLane": null,
        "System.Tags": null,
        "Microsoft.VSTS.TCM.Steps": null,
        "Microsoft.VSTS.TCM.Parameters": null,
        "Microsoft.VSTS.TCM.LocalDataSource": null,
        "Microsoft.VSTS.TCM.AutomationStatus": null,
        "System.History": null
      },
      "relations": [
        {
          "rel": "System.LinkTypes.Hierarchy-Forward",
          "url": "https://dev.azure.com/dapazd/_apis/wit/workItems/474",
          "attributes": {
            "isLocked": "false",
            "name": "Child"
          }
        },
        {
          "rel": "System.LinkTypes.Hierarchy-Forward",
          "url": "https://dev.azure.com/dapazd/_apis/wit/workItems/472",
          "attributes": {
            "isLocked": "false",
            "name": "Child"
          }
        },
        {
          "rel": "System.LinkTypes.Hierarchy-Forward",
          "url": "https://dev.azure.com/dapazd/_apis/wit/workItems/471",
          "attributes": {
            "isLocked": "false",
            "name": "Child"
          }
        },
        {
          "rel": "System.LinkTypes.Hierarchy-Reverse",
          "url": "https://dev.azure.com/dapazd/_apis/wit/workItems/436",
          "attributes": {
            "isLocked": "false",
            "name": "Parent"
          }
        }
      ],
      "url": "https://dev.azure.com/dapazd/_apis/wit/workItems/443"
    },
    {
      "id": 444,
      "rev": 6,
      "fields": {
        "System.AreaPath": "eslz-adoproject-template",
        "System.TeamProject": "eslz-adoproject-template",
        "System.IterationPath": "$ProjectName$\\Iteration 1",
        "System.WorkItemType": "User Story",
        "System.State": "New",
        "System.Reason": "New",
        "System.CreatedDate": "2021-02-22T14:05:25.953Z",
        "System.CreatedBy": "David Pazdera <dapazd@microsoft.com>",
        "System.ChangedDate": "2022-03-01T08:55:28.187Z",
        "System.ChangedBy": "David Pazdera <dapazd@microsoft.com>",
        "System.Title": "Governance",
        "Microsoft.VSTS.Scheduling.Effort": 0.0,
        "System.Description": "<div>Reference:&nbsp;<a href=\"https://docs.microsoft.com/en-us/azure/cloud-adoption-framework/ready/landing-zone/design-area/governance\">Azure governance design area guidance - Cloud Adoption Framework | Microsoft Docs</a> </div>",
        "System.AssignedTo": null,
        "Microsoft.VSTS.Scheduling.RemainingWork": 0.0,
        "Microsoft.VSTS.Common.Priority": 2.0,
        "System.BoardLane": null,
        "System.Tags": null,
        "Microsoft.VSTS.TCM.Steps": null,
        "Microsoft.VSTS.TCM.Parameters": null,
        "Microsoft.VSTS.TCM.LocalDataSource": null,
        "Microsoft.VSTS.TCM.AutomationStatus": null,
        "System.History": null
      },
      "relations": [
        {
          "rel": "System.LinkTypes.Hierarchy-Reverse",
          "url": "https://dev.azure.com/dapazd/_apis/wit/workItems/436",
          "attributes": {
            "isLocked": "false",
            "name": "Parent"
          }
        },
        {
          "rel": "System.LinkTypes.Hierarchy-Forward",
          "url": "https://dev.azure.com/dapazd/_apis/wit/workItems/475",
          "attributes": {
            "isLocked": "false",
            "name": "Child"
          }
        },
        {
          "rel": "System.LinkTypes.Hierarchy-Forward",
          "url": "https://dev.azure.com/dapazd/_apis/wit/workItems/473",
          "attributes": {
            "isLocked": "false",
            "name": "Child"
          }
        }
      ],
      "url": "https://dev.azure.com/dapazd/_apis/wit/workItems/444"
    },
    {
      "id": 445,
      "rev": 8,
      "fields": {
        "System.AreaPath": "eslz-adoproject-template",
        "System.TeamProject": "eslz-adoproject-template",
        "System.IterationPath": "$ProjectName$\\Iteration 1",
        "System.WorkItemType": "User Story",
        "System.State": "New",
        "System.Reason": "New",
        "System.CreatedDate": "2021-02-22T14:05:42.75Z",
        "System.CreatedBy": "David Pazdera <dapazd@microsoft.com>",
        "System.ChangedDate": "2022-03-01T09:27:56.4Z",
        "System.ChangedBy": "David Pazdera <dapazd@microsoft.com>",
        "System.Title": "Platform automation & DevOps",
        "Microsoft.VSTS.Scheduling.Effort": 0.0,
        "System.Description": "<div>Platform automation and DevOps evaluate opportunities to modernize your approach to environmental deployment with infrastructure as code options.<br> </div><div> </div><div><br> </div><div>Reference:&nbsp;<a href=\"https://docs.microsoft.com/en-us/azure/cloud-adoption-framework/ready/landing-zone/design-area/platform-automation-devops\">Platform automation and DevOps design area - Cloud Adoption Framework | Microsoft Docs</a> </div>",
        "System.AssignedTo": null,
        "Microsoft.VSTS.Scheduling.RemainingWork": 0.0,
        "Microsoft.VSTS.Common.Priority": 2.0,
        "System.BoardLane": null,
        "System.Tags": null,
        "Microsoft.VSTS.TCM.Steps": null,
        "Microsoft.VSTS.TCM.Parameters": null,
        "Microsoft.VSTS.TCM.LocalDataSource": null,
        "Microsoft.VSTS.TCM.AutomationStatus": null,
        "System.History": null
      },
      "relations": [
        {
          "rel": "System.LinkTypes.Hierarchy-Reverse",
          "url": "https://dev.azure.com/dapazd/_apis/wit/workItems/436",
          "attributes": {
            "isLocked": "false",
            "name": "Parent"
          }
        },
        {
          "rel": "System.LinkTypes.Hierarchy-Forward",
          "url": "https://dev.azure.com/dapazd/_apis/wit/workItems/478",
          "attributes": {
            "isLocked": "false",
            "name": "Child"
          }
        },
        {
          "rel": "System.LinkTypes.Hierarchy-Forward",
          "url": "https://dev.azure.com/dapazd/_apis/wit/workItems/479",
          "attributes": {
            "isLocked": "false",
            "name": "Child"
          }
        }
      ],
      "url": "https://dev.azure.com/dapazd/_apis/wit/workItems/445"
    },
    {
      "id": 446,
      "rev": 4,
      "fields": {
        "System.AreaPath": "eslz-adoproject-template",
        "System.TeamProject": "eslz-adoproject-template",
        "System.IterationPath": "$ProjectName$\\Iteration 1",
        "System.WorkItemType": "User Story",
        "System.State": "New",
        "System.Reason": "New",
        "System.CreatedDate": "2021-02-22T14:12:22.927Z",
        "System.CreatedBy": "David Pazdera <dapazd@microsoft.com>",
        "System.ChangedDate": "2022-03-01T09:36:28.43Z",
        "System.ChangedBy": "David Pazdera <dapazd@microsoft.com>",
        "System.Title": "Prepare for Azure Landing Zone workshop",
        "Microsoft.VSTS.Scheduling.Effort": 0.0,
        "System.Description": "<div><span><b>Workshop objectives</b></span> </div><div><ul><li>Review - deep understanding of customer environment, workloads, and technical constraints </li><li>Design - target architecture is designed that is aligned with ALZ and in compliance with customer requirements </li> </ul> </div><div><br> </div><div><b>Definition of done:</b> </div><div><ul><li><span>All technical requirements to build a Landing Zone on Azure are understood and captured</span> </li><li><span>Target architecture design agreed and documented<br></span><span></span><br> </li> </ul> </div>",
        "System.AssignedTo": null,
        "Microsoft.VSTS.Scheduling.RemainingWork": 0.0,
        "Microsoft.VSTS.Common.Priority": 2.0,
        "System.BoardLane": null,
        "System.Tags": null,
        "Microsoft.VSTS.TCM.Steps": null,
        "Microsoft.VSTS.TCM.Parameters": null,
        "Microsoft.VSTS.TCM.LocalDataSource": null,
        "Microsoft.VSTS.TCM.AutomationStatus": null,
        "System.History": null
      },
      "relations": [
        {
          "rel": "System.LinkTypes.Hierarchy-Forward",
          "url": "https://dev.azure.com/dapazd/_apis/wit/workItems/448",
          "attributes": {
            "isLocked": "false",
            "name": "Child"
          }
        },
        {
          "rel": "System.LinkTypes.Hierarchy-Forward",
          "url": "https://dev.azure.com/dapazd/_apis/wit/workItems/447",
          "attributes": {
            "isLocked": "false",
            "name": "Child"
          }
        },
        {
          "rel": "System.LinkTypes.Hierarchy-Reverse",
          "url": "https://dev.azure.com/dapazd/_apis/wit/workItems/434",
          "attributes": {
            "isLocked": "false",
            "name": "Parent"
          }
        },
        {
          "rel": "System.LinkTypes.Hierarchy-Forward",
          "url": "https://dev.azure.com/dapazd/_apis/wit/workItems/449",
          "attributes": {
            "isLocked": "false",
            "name": "Child"
          }
        },
        {
          "rel": "System.LinkTypes.Hierarchy-Forward",
          "url": "https://dev.azure.com/dapazd/_apis/wit/workItems/450",
          "attributes": {
            "isLocked": "false",
            "name": "Child"
          }
        }
      ],
      "url": "https://dev.azure.com/dapazd/_apis/wit/workItems/446"
    },
    {
      "id": 763,
      "rev": 1,
      "fields": {
        "System.AreaPath": "eslz-adoproject-template",
        "System.TeamProject": "eslz-adoproject-template",
        "System.IterationPath": "$ProjectName$\\Iteration 1",
        "System.WorkItemType": "User Story",
        "System.State": "New",
        "System.Reason": "New",
        "System.CreatedDate": "2022-03-01T08:08:26.92Z",
        "System.CreatedBy": "David Pazdera <dapazd@microsoft.com>",
        "System.ChangedDate": "2022-03-01T08:08:26.92Z",
        "System.ChangedBy": "David Pazdera <dapazd@microsoft.com>",
        "System.Title": "Understand design principles",
        "Microsoft.VSTS.Scheduling.Effort": 0.0,
        "System.Description": "<div><div style=\"box-sizing:border-box;\">Al project members must understand and adopt the<span>&nbsp;</span><b style=\"box-sizing:border-box;\">design principles</b>.&nbsp;<span style=\"box-sizing:border-box;\">The impact of decisions made within these critical areas will reverberate across the Azure landing zone architecture and influence other decisions.<br style=\"box-sizing:border-box;\"></span> </div><div style=\"box-sizing:border-box;\"><span style=\"box-sizing:border-box;\"></span> </div><div style=\"box-sizing:border-box;\"><br style=\"box-sizing:border-box;\"> </div><div style=\"box-sizing:border-box;\">Reference:&nbsp;<a href=\"https://docs.microsoft.com/en-us/azure/cloud-adoption-framework/ready/enterprise-scale/design-principles\" style=\"box-sizing:border-box;text-decoration:underline;\">Cloud Adoption Framework enterprise-scale design principles - Cloud Adoption Framework | Microsoft Docs</a> </div><div style=\"box-sizing:border-box;\"><br style=\"box-sizing:border-box;\"> </div><div style=\"box-sizing:border-box;\">Definition of done: </div><div style=\"box-sizing:border-box;\"><ul style=\"box-sizing:border-box;padding:0px 0px 0px 40px;\"><li style=\"box-sizing:border-box;\">workshop participants and decision makers are familiar with the design principles and their importance </li><li style=\"box-sizing:border-box;\">design decisions are captured and mutually agreed upon </li><li style=\"box-sizing:border-box;\">eventual trade-offs are captured, and the customer is aware of the implications </li> </ul> </div><br> </div>",
        "System.AssignedTo": null,
        "Microsoft.VSTS.Scheduling.RemainingWork": 0.0,
        "Microsoft.VSTS.Common.Priority": 2.0,
        "System.BoardLane": null,
        "System.Tags": null,
        "Microsoft.VSTS.TCM.Steps": null,
        "Microsoft.VSTS.TCM.Parameters": null,
        "Microsoft.VSTS.TCM.LocalDataSource": null,
        "Microsoft.VSTS.TCM.AutomationStatus": null,
        "System.History": null
      },
      "relations": [
        {
          "rel": "System.LinkTypes.Hierarchy-Reverse",
          "url": "https://dev.azure.com/dapazd/_apis/wit/workItems/434",
          "attributes": {
            "isLocked": "false",
            "name": "Parent"
          }
        }
      ],
      "url": "https://dev.azure.com/dapazd/_apis/wit/workItems/763"
    },
    {
      "id": 764,
      "rev": 4,
      "fields": {
        "System.AreaPath": "eslz-adoproject-template",
        "System.TeamProject": "eslz-adoproject-template",
        "System.IterationPath": "$ProjectName$\\Iteration 1",
        "System.WorkItemType": "User Story",
        "System.State": "New",
        "System.Reason": "New",
        "System.CreatedDate": "2022-03-01T09:36:17.467Z",
        "System.CreatedBy": "David Pazdera <dapazd@microsoft.com>",
        "System.ChangedDate": "2022-03-01T09:42:34.84Z",
        "System.ChangedBy": "David Pazdera <dapazd@microsoft.com>",
        "System.Title": "Review implementation options",
        "Microsoft.VSTS.Scheduling.Effort": 0.0,
        "System.Description": "<div>Review and understand available implementation options based on 'Deployment velocity' and 'Design principles':&nbsp;<a href=\"https://docs.microsoft.com/en-us/azure/cloud-adoption-framework/ready/landing-zone/implementation-options#implementation-options\">https://docs.microsoft.com/en-us/azure/cloud-adoption-framework/ready/landing-zone/implementation-options#implementation-options</a>&nbsp;and&nbsp;<a href=\"https://docs.microsoft.com/en-us/azure/cloud-adoption-framework/ready/landing-zone/choose-landing-zone-option\">Choose the landing zone for your organization - Cloud Adoption Framework | Microsoft Docs</a> </div>",
        "System.AssignedTo": null,
        "Microsoft.VSTS.Scheduling.RemainingWork": 0.0,
        "Microsoft.VSTS.Common.Priority": 2.0,
        "System.BoardLane": null,
        "System.Tags": null,
        "Microsoft.VSTS.TCM.Steps": null,
        "Microsoft.VSTS.TCM.Parameters": null,
        "Microsoft.VSTS.TCM.LocalDataSource": null,
        "Microsoft.VSTS.TCM.AutomationStatus": null,
        "System.History": null
      },
      "relations": [
        {
          "rel": "System.LinkTypes.Hierarchy-Reverse",
          "url": "https://dev.azure.com/dapazd/_apis/wit/workItems/431",
          "attributes": {
            "isLocked": "false",
            "name": "Parent"
          }
        }
      ],
      "url": "https://dev.azure.com/dapazd/_apis/wit/workItems/764"
    }
  ],
  "HttpStatusCode": 0,
  "Message": null
}